code,iso,country,WASTE.1990,WASTE.1991,WASTE.1992,WASTE.1993,WASTE.1994,WASTE.1995,WASTE.1996,WASTE.1997,WASTE.1998,WASTE.1999,WASTE.2000,WASTE.2001,WASTE.2002,WASTE.2003,WASTE.2004,WASTE.2005,WASTE.2006,WASTE.2007,WASTE.2008,WASTE.2009,WASTE.2010,WASTE.2011,WASTE.2012,WASTE.2013,WASTE.2014
533,ABW,Aruba,-9999,-9999,-9999,-9999,-9999,-9999,-9999,-9999,-9999,-9999,-9999,-9999,-9999,-9999,-9999,-9999,-9999,-9999,-9999,-9999,-9999,-9999,-9999,-9999,-9999
4,AFG,Afghanistan,-9999,-9999,-9999,-9999,-9999,-9999,-9999,-9999,-9999,-9999,-9999,-9999,-9999,-9999,-9999,-9999,-9999,-9999,-9999,-9999,-9999,0,-9999,-9999,0
24,AGO,Angola,-9999,-9999,-9999,-9999,-9999,-9999,-9999,-9999,-9999,-9999,-9999,-9999,-9999,-9999,-9999,-9999,-9999,-9999,0,-9999,-9999,0,-9999,-9999,0
660,AIA,Anguilla,-9999,-9999,-9999,-9999,-9999,-9999,-9999,-9999,-9999,-9999,-9999,-9999,-9999,-9999,-9999,-9999,-9999,-9999,-9999,-9999,-9999,-9999,-9999,-9999,-9999
8,ALB,Albania,-9999,-9999,-9999,-9999,-9999,-9999,-9999,-9999,-9999,-9999,-9999,-9999,-9999,-9999,-9999,0.8,0.8,5.6,7.3,7.3,-9999,10,-9999,-9999,5.3
20,AND,Andorra,-9999,-9999,-9999,-9999,-9999,-9999,-9999,-9999,-9999,3.7,3.6,3.5,17.1,19.6,31.1,47.7,86.4,98,-9999,-9999,-9999,-9999,-9999,-9999,38.375
530,ANT,Netherlands Antilles,-9999,-9999,-9999,-9999,-9999,-9999,-9999,-9999,-9999,-9999,-9999,-9999,-9999,-9999,-9999,-9999,-9999,-9999,-9999,-9999,-9999,-9999,-9999,-9999,-9999
784,ARE,United Arab Emirates,-9999,-9999,-9999,-9999,-9999,-9999,-9999,-9999,-9999,-9999,-9999,-9999,-9999,-9999,-9999,-9999,-9999,78.3,-9999,-9999,-9999,90.8,-9999,-9999,84.55
32,ARG,Argentina,-9999,-9999,-9999,-9999,-9999,-9999,-9999,-9999,-9999,-9999,10,42.5,-9999,-9999,-9999,-9999,-9999,-9999,-9999,-9999,-9999,6,-9999,-9999,19.5
51,ARM,Armenia,32.6,-9999,-9999,-9999,-9999,32.7,-9999,-9999,-9999,-9999,32.8,32.8,34.3,34.3,34.3,34.3,34.3,34.3,34.3,34.3,-9999,0,-9999,-9999,30.9090909090909
16,ASM,American Samoa,-9999,-9999,-9999,-9999,-9999,-9999,-9999,-9999,-9999,-9999,-9999,-9999,-9999,-9999,-9999,-9999,-9999,-9999,-9999,-9999,99.7,-9999,-9999,-9999,99.7
28,ATG,Antigua and Barbuda,-9999,-9999,-9999,-9999,-9999,-9999,-9999,-9999,-9999,-9999,-9999,-9999,-9999,-9999,-9999,-9999,-9999,-9999,-9999,-9999,-9999,-9999,-9999,-9999,-9999
36,AUS,Australia,-9999,-9999,-9999,-9999,-9999,-9999,-9999,-9999,-9999,-9999,-9999,-9999,-9999,-9999,-9999,-9999,-9999,-9999,-9999,-9999,-9999,100,-9999,-9999,100
40,AUT,Austria,72,-9999,-9999,-9999,-9999,75,-9999,-9999,81,-9999,85,86,86,89,89,-9999,92,-9999,93,-9999,-9999,94,-9999,-9999,89.25
31,AZE,Azerbaijan,-9999,-9999,-9999,-9999,-9999,-9999,-9999,-9999,-9999,-9999,-9999,-9999,-9999,30,30,30,-9999,-9999,31.2,31.4,-9999,20,-9999,-9999,28.7666666666667
108,BDI,Burundi,-9999,-9999,-9999,-9999,-9999,-9999,-9999,-9999,-9999,-9999,-9999,-9999,-9999,-9999,-9999,-9999,-9999,-9999,-9999,-9999,-9999,0,-9999,-9999,0
56,BEL,Belgium,-9999,-9999,-9999,-9999,-9999,52.8,-9999,53.4,56.95,57.36,62.02349,65.88447,67.83912,69.50289,69.71051,70.39212,72.049,81.28283,82.77753,84.3984,-9999,-9999,-9999,-9999,72.586036
204,BEN,Benin,-9999,-9999,-9999,-9999,-9999,-9999,-9999,-9999,-9999,-9999,-9999,-9999,-9999,-9999,-9999,-9999,-9999,-9999,-9999,-9999,-9999,0,0.4,-9999,0.2
854,BFA,Burkina Faso,-9999,-9999,-9999,-9999,-9999,-9999,-9999,-9999,-9999,-9999,-9999,-9999,-9999,-9999,-9999,-9999,2.5,-9999,-9999,-9999,-9999,0,-9999,-9999,1.25
50,BGD,Bangladesh,-9999,-9999,-9999,-9999,-9999,-9999,-9999,-9999,-9999,-9999,-9999,-9999,-9999,-9999,-9999,-9999,-9999,-9999,-9999,-9999,-9999,0,-9999,-9999,0
100,BGR,Bulgaria,-9999,-9999,-9999,-9999,-9999,36,36,36,36,36,37,38,39,40,40,41,41,42,44,45,-9999,43,-9999,-9999,40.9090909090909
48,BHR,Bahrain,58,-9999,-9999,-9999,-9999,64,65,66,69,71,74,75,77,79,83,86,87,88,-9999,-9999,-9999,75,-9999,-9999,80.4444444444444
44,BHS,Bahamas,-9999,-9999,-9999,-9999,-9999,-9999,-9999,-9999,-9999,-9999,-9999,-9999,-9999,-9999,-9999,-9999,-9999,-9999,-9999,-9999,-9999,-9999,-9999,-9999,-9999
70,BIH,Bosnia and Herzegovina,-9999,-9999,-9999,-9999,-9999,-9999,-9999,-9999,-9999,-9999,-9999,-9999,-9999,-9999,-9999,-9999,-9999,4.26470588235294,-9999,-9999,-9999,0,-9999,-9999,2.13235294117647
112,BLR,Belarus,-9999,-9999,-9999,-9999,-9999,-9999,94.1,90.2,91,92.9,90.1,90.1,94,92.8,90.8,98.3,96.1,94.9,-9999,-9999,-9999,10,-9999,-9999,84.1222222222222
84,BLZ,Belize,-9999,-9999,-9999,-9999,-9999,-9999,-9999,-9999,-9999,-9999,15.1,-9999,-9999,-9999,-9999,-9999,-9999,-9999,-9999,-9999,-9999,-9999,-9999,-9999,15.1
60,BMU,Bermuda,-9999,-9999,-9999,-9999,-9999,-9999,-9999,-9999,-9999,-9999,-9999,-9999,-9999,-9999,-9999,5,5,5,5,5,-9999,-9999,-9999,0,4.16666666666667
68,BOL,Bolivia,-9999,-9999,-9999,-9999,-9999,-9999,-9999,-9999,-9999,-9999,30,-9999,-9999,-9999,-9999,-9999,-9999,-9999,-9999,-9999,-9999,11,-9999,-9999,20.5
76,BRA,Brazil,-9999,-9999,-9999,-9999,-9999,-9999,-9999,-9999,-9999,-9999,20,-9999,-9999,-9999,-9999,-9999,26,-9999,-9999,-9999,-9999,20,-9999,-9999,22
52,BRB,Barbados,-9999,-9999,-9999,-9999,-9999,-9999,-9999,-9999,-9999,-9999,-9999,-9999,-9999,-9999,-9999,-9999,-9999,-9999,-9999,-9999,-9999,-9999,-9999,-9999,-9999
96,BRN,Brunei Darussalam,-9999,-9999,-9999,-9999,-9999,-9999,-9999,-9999,-9999,-9999,-9999,-9999,-9999,-9999,-9999,-9999,-9999,-9999,-9999,-9999,86,-9999,-9999,-9999,86
64,BTN,Bhutan,-9999,-9999,-9999,-9999,-9999,-9999,-9999,-9999,-9999,-9999,-9999,-9999,-9999,-9999,-9999,-9999,-9999,-9999,-9999,-9999,-9999,0,-9999,-9999,0
72,BWA,Botswana,-9999,-9999,-9999,-9999,-9999,-9999,-9999,-9999,-9999,-9999,-9999,-9999,-9999,-9999,-9999,-9999,-9999,-9999,-9999,-9999,-9999,5,-9999,-9999,5
140,CAF,Central African Republic,-9999,-9999,-9999,-9999,-9999,-9999,-9999,-9999,-9999,-9999,-9999,-9999,-9999,-9999,-9999,-9999,-9999,-9999,-9999,-9999,-9999,0,-9999,-9999,0
124,CAN,Canada,-9999,89.3,-9999,-9999,94.6,-9999,95.7,-9999,-9999,97.4,-9999,-9999,-9999,-9999,97.12,-9999,98.6,-9999,-9999,84.31,-9999,-9999,-9999,-9999,93.3433333333333
756,CHE,Switzerland,100,100,100,-9999,-9999,100,-9999,100,100,100,100,100,100,-9999,-9999,100,-9999,-9999,-9999,-9999,100,-9999,-9999,-9999,100
152,CHL,Chile,-9999,-9999,-9999,-9999,-9999,25,-9999,-9999,-9999,-9999,17,-9999,-9999,-9999,-9999,78.32,86.72,87.1,87.3,87.7,-9999,-9999,-9999,-9999,74.0233333333333
156,CHN,China,-9999,-9999,-9999,-9999,-9999,-9999,-9999,-9999,-9999,-9999,-9999,20.8,24.3,27.5,32.5,-9999,60.3169251517195,-9999,-9999,-9999,67.5166666666667,26,-9999,-9999,36.9905131169123
384,CIV,Cote d'Ivoire,-9999,-9999,-9999,-9999,-9999,-9999,-9999,-9999,-9999,-9999,-9999,-9999,-9999,-9999,-9999,-9999,-9999,-9999,-9999,-9999,-9999,5,5,-9999,5
120,CMR,Cameroon,-9999,-9999,-9999,-9999,-9999,-9999,-9999,-9999,-9999,-9999,-9999,-9999,-9999,-9999,-9999,-9999,-9999,-9999,-9999,-9999,-9999,0,-9999,-9999,0
180,COD,Dem. Rep. Congo,-9999,-9999,-9999,-9999,-9999,-9999,-9999,-9999,-9999,-9999,-9999,-9999,-9999,-9999,-9999,-9999,-9999,-9999,-9999,-9999,-9999,0,0,-9999,0
178,COG,Congo,-9999,-9999,-9999,-9999,-9999,-9999,-9999,-9999,-9999,-9999,-9999,-9999,-9999,-9999,-9999,-9999,-9999,-9999,-9999,-9999,-9999,2,-9999,-9999,2
184,COK,Cook Islands,-9999,-9999,-9999,-9999,-9999,-9999,-9999,-9999,-9999,-9999,-9999,-9999,-9999,-9999,-9999,-9999,-9999,-9999,-9999,-9999,-9999,-9999,-9999,-9999,-9999
170,COL,Colombia,-9999,-9999,-9999,-9999,-9999,-9999,6.78127984718243,-9999,-9999,-9999,5,-9999,-9999,-9999,-9999,-9999,-9999,-9999,-9999,-9999,-9999,28,-9999,-9999,16.5
174,COM,Comoros,-9999,-9999,-9999,-9999,-9999,-9999,-9999,-9999,-9999,-9999,-9999,-9999,-9999,-9999,-9999,-9999,-9999,-9999,-9999,-9999,-9999,-9999,-9999,-9999,-9999
132,CPV,Cape Verde,-9999,-9999,-9999,-9999,-9999,-9999,-9999,-9999,-9999,-9999,-9999,-9999,-9999,-9999,-9999,-9999,-9999,-9999,100,-9999,-9999,-9999,-9999,-9999,100
188,CRI,Costa Rica,-9999,-9999,-9999,-9999,-9999,-9999,-9999,-9999,-9999,-9999,4,-9999,-9999,-9999,-9999,-9999,-9999,3.5,-9999,-9999,-9999,15,-9999,-9999,7.5
192,CUB,Cuba,23.1,-9999,-9999,-9999,-9999,23.2,23.3,23.4,23.4,23.4,19,24,24,24,24,24,24,24,24,24,-9999,15,-9999,-9999,22.7272727272727
136,CYM,Cayman Islands,-9999,-9999,-9999,-9999,-9999,-9999,-9999,-9999,-9999,-9999,-9999,-9999,-9999,-9999,-9999,-9999,-9999,-9999,-9999,-9999,-9999,-9999,-9999,-9999,-9999
196,CYP,Cyprus,-9999,-9999,-9999,-9999,-9999,8,11,12,13,13,14,16,18,23,28,30,-9999,100,-9999,-9999,-9999,50,-9999,-9999,34.875
203,CZE,Czech Republic,79.1,79.7,79.7,80.2,84.1,85.2,87.1,88.1,89.6,90.2,91.6,92.6,94.5,95.4,95.6,96.28,94.6131,94.6251,94.4325,94.7157,94.6693,94.7825,-9999,-9999,94.48485
276,DEU,Germany,-9999,95.4329,-9999,-9999,-9999,96.4409,-9999,-9999,97.3341,-9999,-9999,98.3,-9999,-9999,98.6,-9999,-9999,98.91,-9999,-9999,99.13,-9999,-9999,-9999,98.735
262,DJI,Djibouti,-9999,-9999,-9999,-9999,-9999,-9999,-9999,-9999,-9999,-9999,-9999,-9999,-9999,-9999,-9999,-9999,-9999,-9999,-9999,-9999,-9999,0,-9999,-9999,0
212,DMA,Dominica,-9999,-9999,-9999,-9999,-9999,-9999,-9999,-9999,-9999,-9999,-9999,-9999,-9999,-9999,-9999,13,-9999,-9999,-9999,-9999,-9999,-9999,-9999,-9999,13
208,DNK,Denmark,99.3,99.3,99.1,99.3,99.5,99.7,99.97,99.96,99.98,100,100,100,100,-9999,-9999,-9999,-9999,-9999,-9999,100,100,-9999,-9999,-9999,100
214,DOM,Dominican Republic,-9999,-9999,-9999,-9999,-9999,-9999,-9999,-9999,-9999,-9999,49,-9999,-9999,-9999,-9999,12,-9999,-9999,-9999,-9999,-9999,10,-9999,-9999,23.6666666666667
12,DZA,Algeria,-9999,-9999,-9999,-9999,-9999,-9999,-9999,-9999,-9999,-9999,30,30,32,32,39,39,45,48,53,-9999,58.33333333,55,-9999,-9999,41.9393939390909
218,ECU,Ecuador,-9999,-9999,-9999,-9999,-9999,-9999,-9999,-9999,-9999,-9999,-9999,-9999,-9999,-9999,-9999,-9999,10,-9999,-9999,-9999,-9999,0,-9999,-9999,5
818,EGY,Egypt,-9999,-9999,-9999,-9999,-9999,-9999,-9999,-9999,-9999,-9999,-9999,-9999,-9999,-9999,-9999,-9999,-9999,-9999,-9999,49.89919355,-9999,70,-9999,-9999,59.949596775
232,ERI,Eritrea,-9999,-9999,-9999,-9999,-9999,-9999,-9999,-9999,-9999,-9999,-9999,-9999,-9999,-9999,-9999,-9999,-9999,-9999,-9999,-9999,-9999,0,-9999,-9999,0
732,ESH,Western Sahara,-9999,-9999,-9999,-9999,-9999,-9999,-9999,-9999,-9999,-9999,-9999,-9999,-9999,-9999,-9999,-9999,-9999,-9999,-9999,-9999,-9999,-9999,-9999,-9999,-9999
724,ESP,Spain,-9999,-9999,86.6,-9999,-9999,-9999,-9999,-9999,-9999,-9999,88,-9999,89,-9999,-9999,-9999,95,-9999,96,-9999,98,-9999,-9999,-9999,93.2
233,EST,Estonia,91,-9999,-9999,-9999,-9999,95,-9999,-9999,-9999,-9999,99,99,99,99,100,100,100,100,100,100,-9999,100,-9999,-9999,99.6363636363636
231,ETH,Ethiopia,-9999,-9999,-9999,-9999,-9999,-9999,-9999,-9999,-9999,-9999,-9999,-9999,-9999,-9999,-9999,-9999,-9999,-9999,-9999,-9999,-9999,0,0,-9999,0
246,FIN,Finland,100,100,100,100,100,100,100,100,100,100,100,100,100,-9999,-9999,-9999,-9999,-9999,-9999,-9999,100,100,-9999,-9999,100
242,FJI,Fiji,-9999,-9999,-9999,-9999,-9999,-9999,-9999,-9999,-9999,-9999,-9999,-9999,-9999,-9999,-9999,-9999,-9999,-9999,-9999,-9999,-9999,10,-9999,-9999,10
238,FLK,Falkland Islands,-9999,-9999,-9999,-9999,-9999,-9999,-9999,-9999,-9999,-9999,-9999,-9999,-9999,-9999,-9999,-9999,-9999,-9999,-9999,-9999,-9999,-9999,-9999,-9999,-9999
250,FRA,France,-9999,-9999,-9999,-9999,-9999,98,-9999,-9999,97.78,-9999,-9999,97.94,-9999,-9999,97.7,-9999,-9999,-9999,-9999,-9999,-9999,-9999,-9999,-9999,97.82
234,FRO,Faeroe Islands,-9999,-9999,-9999,-9999,-9999,-9999,-9999,-9999,-9999,-9999,-9999,-9999,-9999,-9999,-9999,-9999,-9999,-9999,-9999,-9999,-9999,-9999,-9999,-9999,-9999
583,FSM,Micronesia,-9999,-9999,-9999,-9999,-9999,-9999,-9999,-9999,-9999,-9999,-9999,-9999,-9999,-9999,-9999,-9999,-9999,-9999,-9999,-9999,-9999,-9999,-9999,-9999,-9999
266,GAB,Gabon,-9999,-9999,-9999,-9999,-9999,-9999,-9999,-9999,-9999,-9999,-9999,-9999,-9999,-9999,-9999,-9999,-9999,-9999,0,-9999,-9999,0,-9999,-9999,0
826,GBR,United Kingdom,92,83,90,88,89,88,91,90,-9999,-9999,-9999,-9999,-9999,-9999,-9999,-9999,-9999,-9999,99.57,99.57,99.57,-9999,-9999,-9999,99.57
268,GEO,Georgia,-9999,-9999,-9999,-9999,-9999,-9999,-9999,-9999,-9999,-9999,-9999,-9999,-9999,-9999,-9999,-9999,-9999,-9999,-9999,-9999,-9999,0,-9999,-9999,0
288,GHA,Ghana,-9999,-9999,-9999,-9999,-9999,-9999,-9999,-9999,-9999,-9999,-9999,-9999,-9999,-9999,-9999,-9999,80,-9999,-9999,-9999,-9999,33.87096774,-9999,0,37.9569892466667
292,GIB,Gibraltar,-9999,-9999,-9999,-9999,-9999,-9999,-9999,-9999,-9999,-9999,-9999,-9999,-9999,-9999,-9999,-9999,-9999,-9999,-9999,-9999,-9999,-9999,-9999,-9999,-9999
324,GIN,Guinea,-9999,-9999,-9999,-9999,-9999,-9999,-9999,-9999,-9999,-9999,-9999,-9999,-9999,-9999,-9999,10,10,10,11,11,-9999,0,-9999,-9999,8.66666666666667
312,GLP,Guadeloupe,-9999,-9999,-9999,-9999,-9999,-9999,-9999,-9999,-9999,-9999,-9999,40.1,-9999,-9999,38.9,-9999,-9999,-9999,-9999,-9999,-9999,-9999,-9999,-9999,39.5
270,GMB,Gambia,-9999,-9999,-9999,-9999,-9999,-9999,-9999,-9999,-9999,-9999,-9999,-9999,-9999,-9999,-9999,-9999,-9999,-9999,-9999,-9999,-9999,5,-9999,-9999,5
624,GNB,Guinea-Bissau,-9999,-9999,-9999,-9999,-9999,-9999,-9999,-9999,-9999,-9999,-9999,-9999,-9999,-9999,-9999,-9999,-9999,-9999,-9999,-9999,-9999,0,-9999,-9999,0
226,GNQ,Equatorial Guinea,-9999,-9999,-9999,-9999,-9999,-9999,-9999,-9999,-9999,-9999,-9999,-9999,-9999,-9999,-9999,-9999,-9999,-9999,-9999,-9999,-9999,5,-9999,-9999,5
300,GRC,Greece,-9999,-9999,60.8,-9999,-9999,-9999,-9999,88.7,-9999,-9999,-9999,-9999,-9999,-9999,-9999,-9999,-9999,100,-9999,100,100,100,-9999,-9999,100
308,GRD,Grenada,-9999,-9999,-9999,-9999,-9999,-9999,-9999,-9999,-9999,-9999,-9999,-9999,-9999,-9999,-9999,-9999,-9999,-9999,-9999,-9999,-9999,-9999,-9999,-9999,-9999
304,GRL,Greenland,-9999,-9999,-9999,-9999,-9999,-9999,-9999,-9999,-9999,-9999,-9999,-9999,-9999,-9999,-9999,-9999,-9999,-9999,-9999,-9999,-9999,-9999,-9999,-9999,-9999
320,GTM,Guatemala,-9999,-9999,-9999,-9999,-9999,-9999,-9999,-9999,-9999,-9999,9,-9999,-9999,-9999,-9999,-9999,-9999,-9999,-9999,-9999,-9999,20,-9999,-9999,14.5
254,GUF,French Guiana,-9999,-9999,-9999,-9999,-9999,-9999,-9999,-9999,0,-9999,-9999,27.8,-9999,-9999,44,-9999,-9999,-9999,-9999,-9999,-9999,-9999,-9999,-9999,35.9
316,GUM,Guam,-9999,-9999,-9999,-9999,-9999,-9999,-9999,-9999,-9999,-9999,-9999,-9999,-9999,-9999,-9999,-9999,-9999,-9999,-9999,-9999,-9999,-9999,-9999,-9999,-9999
328,GUY,Guyana,0,-9999,-9999,-9999,-9999,0,-9999,-9999,-9999,-9999,0,0,0,0,0,0,0,0,0,0,-9999,10,-9999,0,0.833333333333333
344,HKG,Hong Kong,-9999,-9999,-9999,-9999,-9999,-9999,-9999,-9999,-9999,91.3,92.7,94.8,94.2,94.6,92.3,92.9,93.2,93.2,93.3,93.2,-9999,95,-9999,-9999,93.5818181818182
340,HND,Honduras,-9999,-9999,-9999,-9999,-9999,-9999,-9999,-9999,-9999,-9999,-9999,-9999,-9999,-9999,-9999,-9999,-9999,-9999,-9999,-9999,26,5,-9999,-9999,15.5
191,HRV,Croatia,-9999,-9999,-9999,-9999,-9999,-9999,-9999,-9999,-9999,-9999,8.8,-9999,-9999,-9999,14.6,28.2,28.4,28.1,27.3,-9999,-9999,40,-9999,-9999,25.0571428571429
332,HTI,Haiti,-9999,-9999,-9999,-9999,-9999,-9999,-9999,-9999,-9999,-9999,-9999,-9999,-9999,-9999,-9999,-9999,-9999,-9999,-9999,-9999,-9999,0,-9999,0,0
348,HUN,Hungary,77.5,-9999,81.3,77.6,77.4,76.3,76.9,77.5,77.9,79.5,95.0871,96.0288,95.9426,95.7857,95.9028,95.756,95.9162,96.6054,96.6851,96.7385,99.4266,99.6252,-9999,-9999,96.625
360,IDN,Indonesia,-9999,-9999,-9999,-9999,-9999,-9999,-9999,-9999,-9999,-9999,-9999,-9999,-9999,-9999,-9999,-9999,-9999,-9999,-9999,-9999,-9999,1,-9999,-9999,1
833,IMN,Isle of Man,-9999,-9999,-9999,-9999,-9999,-9999,-9999,-9999,-9999,-9999,-9999,-9999,-9999,-9999,-9999,-9999,-9999,-9999,-9999,-9999,-9999,-9999,-9999,-9999,-9999
356,IND,India,18.7122449,-9999,-9999,-9999,-9999,22.3818073,-9999,-9999,-9999,-9999,-9999,16.31,-9999,-9999,20,-9999,-9999,-9999,-9999,30.81246406,-9999,19,60,-9999,29.224492812
372,IRL,Ireland,78,78,-9999,80,-9999,-9999,-9999,-9999,-9999,-9999,-9999,77,-9999,-9999,-9999,-9999,-9999,97.5,-9999,98.12,-9999,-9999,-9999,-9999,90.8733333333333
364,IRN,Iran,-9999,-9999,-9999,-9999,-9999,-9999,-9999,-9999,-9999,-9999,-9999,-9999,-9999,-9999,-9999,-9999,-9999,-9999,-9999,-9999,9.247251198,10,-9999,-9999,9.623625599
368,IRQ,Iraq,-9999,-9999,-9999,-9999,-9999,-9999,-9999,-9999,-9999,-9999,-9999,-9999,-9999,-9999,-9999,25.7,-9999,-9999,-9999,-9999,30.6511421,27,-9999,-9999,27.7837140333333
352,ISL,Iceland,12,12,12,12,14,14,14,14,18.4,26.4,43,43,61,61,61,68,-9999,-9999,67,-9999,-9999,-9999,-9999,-9999,57.7142857142857
376,ISR,Israel,88.2,-9999,-9999,-9999,-9999,88.3,-9999,-9999,-9999,-9999,92.3,93,93.9,94.7,95.6,95.9,96.2,96.5,96.8,97,97.4,97.8,-9999,-9999,95.5916666666667
380,ITA,Italy,61,-9999,-9999,-9999,-9999,63,-9999,-9999,-9999,69,-9999,-9999,-9999,-9999,-9999,-9999,-9999,99.3886907794193,-9999,-9999,-9999,94,-9999,-9999,96.6943453897096
388,JAM,Jamaica,-9999,-9999,-9999,-9999,-9999,-9999,-9999,-9999,-9999,-9999,-9999,-9999,-9999,-9999,-9999,-9999,-9999,-9999,-9999,-9999,40,10,-9999,-9999,25
400,JOR,Jordan,-9999,-9999,-9999,-9999,-9999,-9999,-9999,-9999,-9999,-9999,-9999,-9999,8.47457627118644,-9999,-9999,-9999,61,87.5,-9999,-9999,-9999,30,-9999,-9999,46.7436440677966
392,JPN,Japan,100,-9999,-9999,-9999,-9999,100,-9999,-9999,-9999,-9999,100,100,100,100,100,100,100,100,100,100,100,100,-9999,-9999,100
398,KAZ,Kazakhstan,-9999,-9999,-9999,-9999,-9999,-9999,-9999,-9999,-9999,-9999,-9999,-9999,-9999,-9999,-9999,-9999,-9999,-9999,-9999,-9999,-9999,50,-9999,-9999,50
404,KEN,Kenya,4.9,-9999,-9999,-9999,-9999,4.9,4.9,4.9,4.9,4.9,4.9,4.9,4.9,4.9,4.9,4.9,4.9,10,0,-9999,5,21,-9999,-9999,6.39090909090909
417,KGZ,Kyrgyzstan,-9999,-9999,-9999,-9999,-9999,-9999,-9999,-9999,-9999,-9999,-9999,-9999,-9999,-9999,-9999,-9999,-9999,-9999,-9999,-9999,-9999,10,-9999,-9999,10
116,KHM,Cambodia,-9999,-9999,-9999,-9999,-9999,-9999,-9999,-9999,-9999,-9999,-9999,-9999,-9999,-9999,-9999,-9999,-9999,-9999,-9999,-9999,-9999,0,-9999,-9999,0
296,KIR,Kiribati,-9999,-9999,-9999,-9999,-9999,-9999,-9999,-9999,-9999,-9999,-9999,-9999,-9999,-9999,-9999,-9999,-9999,-9999,-9999,-9999,-9999,-9999,-9999,-9999,-9999
659,KNA,Saint Kitts and Nevis,-9999,-9999,-9999,-9999,-9999,-9999,-9999,-9999,-9999,-9999,-9999,-9999,-9999,-9999,-9999,-9999,-9999,-9999,-9999,-9999,-9999,-9999,-9999,-9999,-9999
410,KOR,South Korea,100,-9999,-9999,-9999,-9999,100,100,100,100,100,100,100,100,100,100,100,100,100,100,100,100,-9999,-9999,-9999,100
414,KWT,Kuwait,-9999,-9999,-9999,-9999,-9999,-9999,-9999,-9999,-9999,-9999,-9999,-9999,-9999,-9999,-9999,-9999,-9999,-9999,-9999,-9999,-9999,43,-9999,-9999,43
418,LAO,Laos,-9999,-9999,-9999,-9999,-9999,-9999,-9999,-9999,-9999,-9999,-9999,-9999,-9999,-9999,-9999,-9999,-9999,-9999,-9999,-9999,-9999,0,-9999,-9999,0
422,LBN,Lebanon,-9999,-9999,-9999,-9999,-9999,-9999,-9999,-9999,-9999,-9999,-9999,-9999,-9999,-9999,-9999,-9999,-9999,-9999,26.36986301,-9999,-9999,-9999,-9999,-9999,26.36986301
430,LBR,Liberia,-9999,-9999,-9999,-9999,-9999,-9999,-9999,-9999,-9999,-9999,-9999,-9999,-9999,-9999,-9999,-9999,-9999,-9999,-9999,-9999,0,0,-9999,-9999,0
434,LBY,Libya,-9999,-9999,-9999,-9999,-9999,-9999,-9999,-9999,-9999,-9999,-9999,-9999,-9999,-9999,-9999,-9999,-9999,-9999,-9999,23.9520958083832,-9999,20,-9999,-9999,21.9760479041916
662,LCA,Saint Lucia,-9999,-9999,-9999,-9999,-9999,-9999,-9999,-9999,-9999,-9999,-9999,-9999,-9999,-9999,-9999,-9999,-9999,-9999,-9999,-9999,-9999,-9999,-9999,-9999,-9999
438,LIE,Liechtenstein,-9999,-9999,-9999,-9999,-9999,-9999,-9999,-9999,-9999,-9999,-9999,-9999,-9999,-9999,-9999,-9999,-9999,-9999,-9999,-9999,-9999,-9999,-9999,-9999,-9999
144,LKA,Sri Lanka,-9999,-9999,-9999,-9999,-9999,-9999,-9999,-9999,-9999,-9999,-9999,-9999,-9999,-9999,-9999,-9999,-9999,-9999,-9999,0,-9999,0,-9999,-9999,0
426,LSO,Lesotho,-9999,-9999,-9999,-9999,-9999,-9999,-9999,-9999,-9999,-9999,-9999,-9999,-9999,-9999,-9999,-9999,-9999,-9999,-9999,-9999,-9999,5,-9999,-9999,5
440,LTU,Lithuania,-9999,-9999,-9999,-9999,-9999,-9999,-9999,-9999,-9999,-9999,-9999,-9999,57,59,-9999,69,69,69,70,71,-9999,67,-9999,-9999,66.375
442,LUX,Luxembourg,100,-9999,-9999,-9999,100,100,-9999,-9999,-9999,100,-9999,-9999,-9999,100,-9999,-9999,-9999,-9999,-9999,-9999,100,-9999,-9999,-9999,100
428,LVA,Latvia,-9999,-9999,-9999,-9999,-9999,-9999,-9999,-9999,-9999,-9999,-9999,-9999,65,70,66,66,65,65,-9999,-9999,-9999,91,-9999,-9999,69.7142857142857
446,MAC,Macao,-9999,-9999,-9999,-9999,-9999,-9999,-9999,-9999,-9999,-9999,-9999,-9999,-9999,-9999,-9999,-9999,-9999,-9999,-9999,-9999,-9999,-9999,-9999,-9999,-9999
504,MAR,Morocco,-9999,2.05479452054795,-9999,-9999,-9999,-9999,-9999,-9999,-9999,13.7931034482759,80,-9999,-9999,-9999,-9999,-9999,-9999,-9999,-9999,13,-9999,10,-9999,-9999,34.3333333333333
492,MCO,Monaco,100,-9999,-9999,-9999,-9999,100,100,100,100,100,100,100,100,100,100,100,100,100,100,100,-9999,-9999,-9999,-9999,100
498,MDA,Moldova,-9999,-9999,-9999,-9999,-9999,-9999,-9999,-9999,-9999,53,54,57,59,57,60,-9999,-9999,-9999,-9999,-9999,-9999,20,-9999,-9999,51.1666666666667
450,MDG,Madagascar,0,-9999,-9999,-9999,-9999,0,-9999,-9999,-9999,0,0,0,0,0,0,0,-9999,-9999,-9999,85,-9999,0,-9999,-9999,10.625
462,MDV,Maldives,-9999,-9999,-9999,-9999,-9999,-9999,-9999,-9999,-9999,-9999,-9999,-9999,-9999,-9999,-9999,-9999,-9999,-9999,-9999,-9999,-9999,5,-9999,-9999,5
484,MEX,Mexico,-9999,-9999,-9999,-9999,-9999,-9999,-9999,-9999,-9999,-9999,13,-9999,-9999,-9999,-9999,67.4,-9999,-9999,-9999,-9999,74.19976528,-9999,-9999,-9999,51.5332550933333
584,MHL,Marshall Islands,0,-9999,-9999,-9999,-9999,0,0,0,0,0,0,0,0,0,0,0,0,0,-9999,-9999,-9999,-9999,-9999,-9999,0
807,MKD,Macedonia,5,-9999,-9999,-9999,-9999,5,-9999,-9999,-9999,5,5,6,6,6,6,6.5,7,7,7,-9999,-9999,12,-9999,-9999,6.85
466,MLI,Mali,-9999,-9999,-9999,-9999,-9999,-9999,-9999,-9999,-9999,-9999,-9999,-9999,-9999,-9999,-9999,-9999,-9999,-9999,-9999,-9999,-9999,0,-9999,-9999,0
470,MLT,Malta,13,-9999,-9999,-9999,-9999,13,13,13,13,13,36,36,36,36,36,36,36,35,42,48,-9999,-9999,-9999,-9999,37.7
104,MMR,Myanmar,-9999,-9999,-9999,-9999,-9999,-9999,-9999,-9999,-9999,-9999,-9999,-9999,-9999,-9999,-9999,-9999,-9999,-9999,-9999,-9999,-9999,0,-9999,-9999,0
499,MNE,Montenegro,-9999,-9999,-9999,-9999,-9999,-9999,-9999,-9999,-9999,-9999,-9999,-9999,-9999,-9999,-9999,-9999,-9999,-9999,-9999,-9999,-9999,10,-9999,-9999,10
496,MNG,Mongolia,-9999,-9999,-9999,-9999,-9999,-9999,-9999,-9999,-9999,-9999,-9999,-9999,-9999,-9999,-9999,-9999,60,-9999,-9999,-9999,-9999,10,-9999,-9999,35
580,MNP,Northern Mariana Islands,-9999,-9999,-9999,-9999,-9999,-9999,-9999,-9999,-9999,-9999,-9999,-9999,-9999,-9999,-9999,-9999,-9999,-9999,82,-9999,-9999,-9999,-9999,-9999,82
508,MOZ,Mozambique,-9999,-9999,-9999,-9999,-9999,-9999,-9999,-9999,-9999,-9999,-9999,-9999,-9999,-9999,50,-9999,-9999,-9999,-9999,-9999,-9999,0,-9999,-9999,25
478,MRT,Mauritania,-9999,-9999,-9999,-9999,-9999,-9999,-9999,-9999,-9999,-9999,-9999,-9999,-9999,-9999,-9999,-9999,-9999,-9999,-9999,-9999,-9999,0,-9999,-9999,0
500,MSR,Montserrat,-9999,-9999,-9999,-9999,-9999,-9999,-9999,-9999,-9999,-9999,-9999,-9999,-9999,-9999,-9999,-9999,-9999,-9999,-9999,-9999,-9999,-9999,-9999,-9999,-9999
474,MTQ,Martinique,-9999,-9999,-9999,-9999,-9999,-9999,-9999,-9999,-9999,-9999,-9999,44.3,-9999,-9999,48.2,-9999,-9999,-9999,-9999,-9999,-9999,-9999,-9999,-9999,46.25
480,MUS,Mauritius,10,-9999,-9999,-9999,-9999,10,10,10,10,15,20,20,20,22,23,23,25,25,-9999,-9999,-9999,10,-9999,-9999,20.8888888888889
454,MWI,Malawi,-9999,-9999,-9999,-9999,-9999,-9999,-9999,-9999,-9999,-9999,-9999,-9999,-9999,-9999,-9999,-9999,-9999,-9999,-9999,-9999,-9999,0,-9999,-9999,0
458,MYS,Malaysia,-9999,-9999,-9999,-9999,-9999,-9999,-9999,-9999,-9999,-9999,-9999,-9999,-9999,-9999,-9999,-9999,-9999,-9999,-9999,-9999,-9999,16,-9999,-9999,16
175,MYT,Mayotte,-9999,-9999,-9999,-9999,-9999,-9999,-9999,-9999,-9999,-9999,-9999,-9999,-9999,-9999,-9999,-9999,-9999,-9999,-9999,-9999,-9999,-9999,-9999,-9999,-9999
516,NAM,Namibia,-9999,-9999,-9999,-9999,-9999,-9999,-9999,-9999,-9999,-9999,-9999,-9999,-9999,-9999,52,-9999,-9999,-9999,-9999,-9999,-9999,25,-9999,-9999,38.5
540,NCL,New Caledonia,-9999,-9999,-9999,-9999,-9999,-9999,-9999,-9999,-9999,-9999,-9999,-9999,-9999,-9999,-9999,-9999,-9999,-9999,-9999,-9999,-9999,-9999,-9999,-9999,-9999
562,NER,Niger,-9999,-9999,-9999,-9999,-9999,-9999,-9999,-9999,-9999,-9999,-9999,-9999,-9999,-9999,-9999,-9999,-9999,-9999,0,-9999,-9999,0,-9999,-9999,0
574,NFK,Norfolk Island,-9999,-9999,-9999,-9999,-9999,-9999,-9999,-9999,-9999,-9999,-9999,-9999,-9999,-9999,-9999,-9999,-9999,-9999,-9999,-9999,-9999,-9999,-9999,-9999,-9999
566,NGA,Nigeria,-9999,-9999,-9999,-9999,-9999,-9999,-9999,-9999,-9999,-9999,-9999,-9999,-9999,-9999,20,-9999,-9999,-9999,2,-9999,-9999,2,-9999,-9999,8
558,NIC,Nicaragua,-9999,-9999,-9999,-9999,-9999,-9999,-9999,-9999,-9999,-9999,21,-9999,-9999,-9999,-9999,-9999,-9999,-9999,-9999,-9999,-9999,0,-9999,-9999,10.5
570,NIU,Niue,-9999,-9999,-9999,-9999,-9999,-9999,-9999,-9999,-9999,-9999,-9999,-9999,-9999,-9999,-9999,-9999,-9999,-9999,-9999,-9999,-9999,-9999,-9999,-9999,-9999
528,NLD,Netherlands,98,98.3,98.6,98.8,99.1,99.4,99.7,99.9,100,100,100,100,100,100,100,100,100,-9999,100,-9999,100,-9999,-9999,-9999,100
578,NOR,Norway,80,-9999,-9999,86,86,87,87,90,93,93,94.13821597,92.87524015,93.48745133,93.96869945,95.02922693,95.16727188,95.15548727,95.28400597,95.34302224,95.4761492,96.12302831,96.36,-9999,-9999,94.8673165583333
524,NPL,Nepal,-9999,-9999,-9999,-9999,-9999,-9999,-9999,-9999,-9999,-9999,-9999,-9999,-9999,-9999,-9999,-9999,-9999,-9999,-9999,-9999,-9999,0,-9999,-9999,0
520,NRU,Nauru,-9999,-9999,-9999,-9999,-9999,-9999,-9999,-9999,-9999,-9999,-9999,-9999,-9999,-9999,-9999,-9999,-9999,-9999,-9999,-9999,-9999,-9999,-9999,-9999,-9999
554,NZL,New Zealand,-9999,-9999,-9999,-9999,-9999,-9999,-9999,-9999,-9999,80,-9999,-9999,-9999,-9999,-9999,-9999,-9999,-9999,-9999,-9999,-9999,82,-9999,-9999,82
512,OMN,Oman,-9999,-9999,-9999,-9999,-9999,-9999,-9999,-9999,-9999,-9999,-9999,-9999,-9999,-9999,-9999,-9999,-9999,-9999,-9999,-9999,-9999,20,-9999,-9999,20
586,PAK,Pakistan,-9999,-9999,-9999,-9999,-9999,-9999,-9999,-9999,-9999,-9999,-9999,-9999,1.00013073604393,-9999,6,-9999,-9999,-9999,-9999,-9999,-9999,1,12.542916,-9999,5.13576168401098
591,PAN,Panama,-9999,-9999,-9999,-9999,-9999,-9999,-9999,-9999,-9999,-9999,30,31,33,34,36,46,48,55,-9999,-9999,-9999,30,-9999,-9999,38.1111111111111
612,PCN,Pitcairn,-9999,-9999,-9999,-9999,-9999,-9999,-9999,-9999,-9999,-9999,-9999,-9999,-9999,-9999,-9999,-9999,-9999,-9999,-9999,-9999,-9999,-9999,-9999,-9999,-9999
604,PER,Peru,-9999,-9999,-9999,-9999,-9999,-9999,-9999,-9999,-9999,-9999,28,-9999,-9999,-9999,-9999,-9999,-9999,-9999,-9999,-9999,-9999,20,-9999,-9999,24
608,PHL,Philippines,-9999,-9999,-9999,-9999,-9999,-9999,-9999,-9999,-9999,-9999,-9999,-9999,-9999,-9999,-9999,-9999,-9999,-9999,-9999,-9999,-9999,0,17,-9999,8.5
585,PLW,Palau,-9999,-9999,-9999,-9999,-9999,-9999,-9999,-9999,-9999,-9999,-9999,-9999,-9999,-9999,-9999,-9999,-9999,-9999,-9999,-9999,-9999,-9999,100,-9999,100
598,PNG,Papua New Guinea,-9999,-9999,-9999,-9999,-9999,-9999,-9999,-9999,-9999,-9999,-9999,-9999,-9999,-9999,-9999,-9999,-9999,-9999,-9999,-9999,-9999,0,-9999,-9999,0
616,POL,Poland,-9999,-9999,-9999,-9999,-9999,89.5,89.7,92.6,93.2,93.5,100,100,100,100,100,100,100,100,100,100,100,100,-9999,-9999,100
630,PRI,Puerto Rico,-9999,-9999,-9999,-9999,-9999,-9999,-9999,-9999,-9999,-9999,100,-9999,-9999,-9999,-9999,-9999,-9999,-9999,-9999,-9999,-9999,-9999,-9999,-9999,100
408,PRK,North Korea,-9999,-9999,-9999,-9999,-9999,-9999,-9999,-9999,-9999,-9999,-9999,-9999,-9999,-9999,-9999,-9999,-9999,-9999,-9999,-9999,-9999,0,-9999,-9999,0
620,PRT,Portugal,65.6,-9999,-9999,-9999,-9999,-9999,-9999,-9999,77,-9999,-9999,-9999,84,86,-9999,91,95,95,92,89.33,-9999,-9999,-9999,-9999,90.3328571428571
600,PRY,Paraguay,-9999,-9999,-9999,-9999,-9999,-9999,-9999,-9999,-9999,-9999,1,-9999,-9999,-9999,-9999,-9999,-9999,-9999,-9999,-9999,-9999,5,-9999,-9999,3
275,PSE,State of Palestine,-9999,-9999,-9999,-9999,-9999,-9999,-9999,-9999,-9999,-9999,-9999,-9999,-9999,-9999,-9999,-9999,-9999,-9999,-9999,-9999,-9999,-9999,-9999,-9999,-9999
258,PYF,French Polynesia,-9999,-9999,-9999,-9999,-9999,-9999,-9999,-9999,-9999,-9999,-9999,-9999,-9999,-9999,-9999,-9999,-9999,-9999,-9999,-9999,-9999,-9999,-9999,-9999,-9999
634,QAT,Qatar,-9999,-9999,-9999,-9999,-9999,-9999,-9999,-9999,-9999,-9999,-9999,-9999,-9999,-9999,-9999,-9999,-9999,-9999,-9999,-9999,87.51281759,68,-9999,-9999,77.756408795
638,REU,Reunion,-9999,-9999,-9999,-9999,-9999,-9999,-9999,-9999,0,-9999,-9999,32.2,-9999,-9999,35.9,-9999,-9999,-9999,-9999,-9999,-9999,-9999,-9999,-9999,34.05
642,ROU,Romania,-9999,-9999,-9999,-9999,-9999,-9999,-9999,-9999,-9999,-9999,-9999,-9999,-9999,-9999,27,27,28,28,29,29,-9999,36,-9999,-9999,29.1428571428571
643,RUS,Russia,-9999,-9999,-9999,-9999,-9999,-9999,-9999,-9999,-9999,-9999,-9999,-9999,-9999,-9999,-9999,-9999,-9999,-9999,-9999,-9999,-9999,25,-9999,-9999,25
646,RWA,Rwanda,-9999,-9999,-9999,-9999,-9999,-9999,-9999,-9999,-9999,-9999,-9999,-9999,-9999,-9999,-9999,-9999,-9999,-9999,-9999,-9999,0,0,-9999,-9999,0
682,SAU,Saudi Arabia,-9999,-9999,-9999,-9999,-9999,-9999,-9999,-9999,-9999,-9999,-9999,-9999,-9999,-9999,-9999,-9999,-9999,-9999,-9999,-9999,55.96933187,25,-9999,-9999,40.484665935
736,SDN,Sudan,-9999,-9999,-9999,-9999,-9999,-9999,-9999,-9999,-9999,-9999,-9999,-9999,-9999,-9999,-9999,-9999,-9999,-9999,0,-9999,-9999,0,-9999,-9999,0
686,SEN,Senegal,-9999,-9999,-9999,20,-9999,-9999,-9999,-9999,-9999,-9999,-9999,-9999,-9999,-9999,-9999,-9999,-9999,-9999,-9999,-9999,-9999,5,-9999,-9999,5
702,SGP,Singapore,97.5,-9999,-9999,-9999,-9999,99,99,99,99,99,99,99,99,99.9,99.9,99.9,99.9,99.9,100,100,-9999,100,-9999,-9999,99.6818181818182
654,SHN,Saint Helena,-9999,-9999,-9999,-9999,-9999,-9999,-9999,-9999,-9999,-9999,-9999,-9999,-9999,-9999,-9999,-9999,-9999,-9999,-9999,-9999,-9999,-9999,-9999,-9999,-9999
744,SJM,Svalbard and Jan Mayen Islands,-9999,-9999,-9999,-9999,-9999,-9999,-9999,-9999,-9999,-9999,-9999,-9999,-9999,-9999,-9999,-9999,-9999,-9999,-9999,-9999,-9999,-9999,-9999,-9999,-9999
90,SLB,Solomon Islands,-9999,-9999,-9999,-9999,-9999,-9999,-9999,-9999,-9999,-9999,-9999,-9999,-9999,-9999,-9999,-9999,-9999,0,-9999,-9999,-9999,-9999,-9999,-9999,0
694,SLE,Sierra Leone,-9999,-9999,-9999,-9999,-9999,-9999,-9999,-9999,-9999,-9999,-9999,-9999,-9999,-9999,-9999,-9999,-9999,-9999,-9999,-9999,-9999,0,-9999,-9999,0
222,SLV,El Salvador,-9999,-9999,-9999,-9999,-9999,-9999,-9999,-9999,-9999,-9999,1,-9999,-9999,-9999,-9999,-9999,-9999,-9999,-9999,-9999,-9999,20,-9999,-9999,10.5
674,SMR,San Marino,-9999,-9999,-9999,-9999,-9999,-9999,-9999,-9999,-9999,-9999,-9999,-9999,-9999,-9999,-9999,-9999,-9999,-9999,-9999,-9999,-9999,-9999,-9999,-9999,-9999
706,SOM,Somalia,-9999,-9999,-9999,-9999,-9999,-9999,-9999,-9999,-9999,-9999,-9999,-9999,-9999,-9999,-9999,-9999,-9999,-9999,-9999,-9999,-9999,-9999,-9999,-9999,-9999
666,SPM,Saint Pierre and Miquelon,-9999,-9999,-9999,-9999,-9999,-9999,-9999,-9999,-9999,-9999,-9999,-9999,-9999,-9999,-9999,-9999,-9999,-9999,-9999,-9999,-9999,-9999,-9999,-9999,-9999
688,SRB,Serbia,-9999,-9999,-9999,-9999,-9999,-9999,-9999,-9999,-9999,-9999,-9999,-9999,13,-9999,-9999,-9999,-9999,14,17,19,-9999,10,-9999,-9999,14.6
678,STP,Sao Tome and Principe,-9999,-9999,-9999,-9999,-9999,-9999,-9999,-9999,-9999,-9999,-9999,-9999,-9999,-9999,-9999,-9999,-9999,-9999,-9999,-9999,-9999,-9999,-9999,-9999,-9999
740,SUR,Suriname,-9999,-9999,-9999,-9999,-9999,-9999,-9999,-9999,-9999,-9999,1,-9999,-9999,-9999,-9999,-9999,-9999,-9999,-9999,-9999,-9999,-9999,-9999,-9999,1
703,SVK,Slovakia,92.36,91.87,93.3,95.46,95.94,95.83,95.6,95.3,94.8,95.2,95.8,96.2,96.8,97.42,97.65,98.07,98.11,98.9,97.88,98.46,98.55,98.4,-9999,-9999,97.6866666666667
705,SVN,Slovenia,-9999,-9999,-9999,-9999,-9999,-9999,-9999,-9999,-9999,-9999,73.6013,74.52005,75.4246,77.02715,85.77535,87.2563,88.735,89.91005,89.88655,90.76655,91.91,93.32,-9999,-9999,84.8444083333333
752,SWE,Sweden,100,-9999,100,-9999,100,100,-9999,-9999,100,-9999,100,-9999,100,100,100,100,100,-9999,-9999,-9999,100,-9999,-9999,-9999,100
748,SWZ,Swaziland,-9999,-9999,-9999,-9999,-9999,-9999,-9999,-9999,-9999,-9999,-9999,-9999,75,-9999,-9999,-9999,-9999,-9999,-9999,-9999,-9999,5,-9999,-9999,40
690,SYC,Seychelles,-9999,-9999,-9999,-9999,-9999,-9999,-9999,-9999,-9999,-9999,-9999,-9999,-9999,-9999,-9999,-9999,-9999,-9999,-9999,-9999,-9999,-9999,-9999,-9999,-9999
760,SYR,Syria,-9999,-9999,-9999,-9999,-9999,-9999,-9999,-9999,-9999,-9999,-9999,-9999,-9999,-9999,-9999,-9999,-9999,-9999,-9999,85.59463987,-9999,50,-9999,-9999,67.797319935
796,TCA,Turks and Caicos Islands,-9999,-9999,-9999,-9999,-9999,-9999,-9999,-9999,-9999,-9999,-9999,-9999,-9999,-9999,-9999,-9999,-9999,-9999,-9999,-9999,-9999,-9999,-9999,-9999,-9999
148,TCD,Chad,-9999,-9999,-9999,-9999,-9999,-9999,-9999,-9999,-9999,-9999,-9999,-9999,-9999,-9999,-9999,-9999,-9999,-9999,-9999,-9999,-9999,0,0,-9999,0
768,TGO,Togo,-9999,-9999,-9999,-9999,-9999,-9999,-9999,-9999,-9999,-9999,-9999,-9999,-9999,-9999,-9999,-9999,-9999,-9999,-9999,-9999,-9999,0,-9999,-9999,0
764,THA,Thailand,-9999,-9999,-9999,-9999,-9999,-9999,-9999,-9999,-9999,-9999,-9999,-9999,-9999,-9999,-9999,-9999,-9999,-9999,-9999,-9999,-9999,12,100,-9999,56
762,TJK,Tajikistan,-9999,-9999,-9999,-9999,-9999,-9999,-9999,-9999,-9999,-9999,-9999,-9999,-9999,-9999,-9999,-9999,-9999,-9999,-9999,-9999,-9999,5,-9999,-9999,5
772,TKL,Tokelau,-9999,-9999,-9999,-9999,-9999,-9999,-9999,-9999,-9999,-9999,-9999,-9999,-9999,-9999,-9999,-9999,-9999,-9999,-9999,-9999,-9999,-9999,-9999,-9999,-9999
795,TKM,Turkmenistan,-9999,-9999,-9999,-9999,-9999,-9999,-9999,-9999,-9999,-9999,-9999,-9999,-9999,-9999,-9999,-9999,-9999,-9999,-9999,-9999,-9999,20,-9999,-9999,20
626,TLS,Timor-Leste,-9999,-9999,-9999,-9999,-9999,-9999,-9999,-9999,-9999,-9999,-9999,-9999,-9999,-9999,-9999,-9999,-9999,-9999,5,-9999,-9999,-9999,-9999,-9999,5
776,TON,Tonga,-9999,-9999,-9999,-9999,-9999,-9999,-9999,-9999,-9999,-9999,-9999,-9999,-9999,-9999,-9999,-9999,-9999,-9999,-9999,-9999,-9999,-9999,-9999,-9999,-9999
780,TTO,Trinidad and Tobago,-9999,-9999,-9999,-9999,-9999,-9999,-9999,-9999,-9999,-9999,-9999,20,20,20,30,20,25.2,25.2,-9999,-9999,-9999,-9999,-9999,-9999,22.9142857142857
788,TUN,Tunisia,9.1,-9999,-9999,-9999,-9999,20,-9999,-9999,-9999,34.1,36.7,38.7,41.9,44.9,46.8,48.4,51.2,51.8,52.5,97.91666667,-9999,80,-9999,-9999,53.7106060609091
792,TUR,Turkey,-9999,-9999,-9999,-9999,57.6,54.8,55.9,56,57.4,-9999,63.29,63.78,62.03,62.87,67.75,73.31,71.51,74.63,72.96,76.24,73.3,-9999,-9999,-9999,69.2427272727273
798,TUV,Tuvalu,-9999,-9999,-9999,-9999,-9999,-9999,-9999,-9999,-9999,-9999,-9999,-9999,-9999,-9999,-9999,-9999,-9999,-9999,-9999,-9999,-9999,-9999,-9999,-9999,-9999
999,TWN,Taiwan,-9999,-9999,-9999,-9999,-9999,-9999,-9999,-9999,-9999,-9999,-9999,-9999,-9999,-9999,-9999,-9999,-9999,-9999,-9999,-9999,-9999,17,-9999,-9999,17
834,TZA,Tanzania,-9999,-9999,-9999,-9999,-9999,-9999,-9999,-9999,-9999,-9999,-9999,-9999,-9999,-9999,-9999,-9999,-9999,5,-9999,-9999,-9999,8,-9999,-9999,6.5
800,UGA,Uganda,-9999,-9999,-9999,-9999,-9999,-9999,-9999,-9999,-9999,-9999,-9999,-9999,-9999,-9999,-9999,-9999,-9999,-9999,-9999,-9999,-9999,7,-9999,-9999,7
804,UKR,Ukraine,-9999,-9999,-9999,-9999,-9999,-9999,-9999,-9999,-9999,-9999,-9999,-9999,-9999,-9999,-9999,-9999,-9999,-9999,-9999,-9999,-9999,21,-9999,-9999,21
858,URY,Uruguay,-9999,-9999,-9999,-9999,-9999,-9999,-9999,-9999,-9999,-9999,15,-9999,-9999,-9999,-9999,-9999,-9999,-9999,-9999,-9999,-9999,5,-9999,-9999,10
840,USA,United States of America,-9999,-9999,-9999,-9999,-9999,-9999,-9999,-9999,-9999,-9999,-9999,-9999,-9999,-9999,-9999,-9999,-9999,-9999,74.9,-9999,-9999,78,-9999,-9999,76.45
860,UZB,Uzbekistan,-9999,-9999,-9999,-9999,-9999,-9999,-9999,-9999,-9999,-9999,-9999,-9999,-9999,-9999,-9999,-9999,-9999,-9999,-9999,-9999,-9999,0,-9999,-9999,0
336,VAT,Holy See,-9999,-9999,-9999,-9999,-9999,-9999,-9999,-9999,-9999,-9999,-9999,-9999,-9999,-9999,-9999,-9999,-9999,-9999,-9999,-9999,-9999,-9999,-9999,-9999,-9999
670,VCT,Saint Vincent and the Grenadines,-9999,-9999,-9999,-9999,-9999,-9999,-9999,-9999,-9999,-9999,-9999,-9999,-9999,-9999,-9999,-9999,-9999,-9999,-9999,-9999,-9999,-9999,-9999,-9999,-9999
862,VEN,Venezuela,-9999,-9999,-9999,-9999,-9999,-9999,-9999,-9999,-9999,-9999,20.2,20.6,20.9,21.1,21.3,21.7,21.9,22,22.3,20,-9999,27,-9999,-9999,21.7272727272727
92,VGB,British Virgin Islands,-9999,-9999,-9999,-9999,-9999,-9999,-9999,-9999,-9999,-9999,-9999,24.5,-9999,-9999,-9999,-9999,-9999,-9999,-9999,-9999,-9999,-9999,-9999,-9999,24.5
850,VIR,United States Virgin Islands,-9999,-9999,-9999,-9999,-9999,-9999,-9999,-9999,-9999,-9999,-9999,-9999,-9999,-9999,-9999,-9999,-9999,-9999,-9999,-9999,-9999,-9999,-9999,-9999,-9999
704,VNM,Viet Nam,-9999,-9999,-9999,-9999,-9999,-9999,-9999,-9999,-9999,-9999,-9999,-9999,-9999,-9999,-9999,-9999,-9999,-9999,-9999,-9999,5,2,-9999,-9999,3.5
548,VUT,Vanuatu,-9999,-9999,-9999,-9999,-9999,-9999,-9999,-9999,-9999,-9999,-9999,-9999,-9999,-9999,-9999,-9999,-9999,-9999,-9999,-9999,-9999,-9999,-9999,-9999,-9999
876,WLF,Wallis and Futuna Islands,-9999,-9999,-9999,-9999,-9999,-9999,-9999,-9999,-9999,-9999,-9999,-9999,-9999,-9999,-9999,-9999,-9999,-9999,-9999,-9999,-9999,-9999,-9999,-9999,-9999
882,WSM,Samoa,-9999,-9999,-9999,-9999,-9999,-9999,-9999,-9999,-9999,-9999,-9999,-9999,-9999,-9999,-9999,-9999,-9999,-9999,-9999,-9999,-9999,-9999,-9999,-9999,-9999
887,YEM,Yemen,-9999,-9999,-9999,-9999,-9999,-9999,-9999,-9999,-9999,3.3,-9999,-9999,-9999,-9999,-9999,-9999,-9999,-9999,-9999,-9999,-9999,0,-9999,-9999,0
710,ZAF,South Africa,-9999,-9999,-9999,-9999,-9999,39,39,41,43,45,46,48,50,50,52,54,34,57,-9999,-9999,-9999,10,-9999,-9999,44.5555555555556
894,ZMB,Zambia,-9999,-9999,-9999,-9999,-9999,-9999,-9999,-9999,-9999,-9999,-9999,-9999,-9999,-9999,-9999,-9999,-9999,-9999,-9999,-9999,-9999,15,-9999,-9999,15
716,ZWE,Zimbabwe,-9999,-9999,-9999,-9999,-9999,-9999,-9999,-9999,-9999,-9999,-9999,-9999,-9999,-9999,-9999,-9999,-9999,-9999,-9999,-9999,5,0,48.96907216,-9999,17.98969072
